pace_wpm,filler_count,avg_pause,duration,score
142.12309628876486,6,0.5384796991254218,84.88822916929871,0.8224915154786359
137.04986717468796,2,0.34964692347661736,188.23808912076228,0.8774577059720569
96.97289108239615,4,1.0255024186154404,124.79608165837345,0.5479378755442228
134.92198356534726,4,0.7045262955964308,122.14663601060714,0.8345013519812235
147.66922015883904,5,0.43830311591449783,92.61780929667168,0.8148292258477742
143.6358883107918,7,0.9917100248261008,122.30699089271491,0.7703080805050475
162.20511675083972,1,0.9296620308658416,64.66549705307409,0.7132582947150811
137.10795791687352,7,0.5798269002791773,135.58401075426366,0.809079245665537
160.34306021369298,8,0.5054656817890192,124.51930310704377,0.6913223064481206
144.57661655295743,4,1.3542284042932826,122.07768043874039,0.7729121156405442
117.47956070492546,8,0.3469282294087924,70.56332314265993,0.6677060946156571
115.84711393386787,3,0.26794580742781055,88.71153272877874,0.749803696998993
127.17182411285884,6,0.9171177287843929,141.97845412808613,0.7205568022472385
136.72338490665192,6,0.5445688354761086,128.99502134785726,0.8287017817479256
139.055912239153,0,0.2901328546986079,127.49117913882534,0.9605310299362564
113.27287238471229,3,0.617948878286694,100.00211311656375,0.7039143242452812
151.7212398796364,12,0.6070578843560966,143.30547115764386,0.6682051283903454
140.6854059911172,5,0.9951666992306863,120.03118945908288,0.8208966293255484
147.65804884021162,11,0.2,119.40697828048712,0.7636168845544155
134.4858481586099,4,0.8111958864638156,155.58725479515167,0.802348701969267
141.70271875558862,6,0.520573114448102,108.69021576570307,0.8403080167211007
106.42072698524262,5,0.4680966012779024,127.64844298934554,0.6500793847797464
123.0102324617432,10,0.763631304296349,148.89623444659722,0.6443182890672102
132.26515881976908,4,0.2,69.50909215455921,0.8403838877732157
136.1324867128085,3,0.6084582833619518,125.89554674557496,0.8650954460016531
137.43124198916632,4,0.7728939880463795,90.67405658352811,0.8292933570028753
131.8738670281957,6,0.7719678971975655,162.2217914927651,0.7551724396389008
125.61336409618019,4,0.9965481180656951,107.07855625856038,0.7372557023116099
119.54817951635383,5,0.6257002397264122,120.25214667884934,0.7259444246481346
156.0031070823348,4,0.9966843770605869,95.25634339798357,0.7198977058550337
175.768866356528,3,0.2,138.3256802591868,0.686359957479154
133.83901537115798,4,0.8971715035437896,115.6666204311446,0.8068021856928658
151.81688335564021,6,0.7228756521506935,123.44840927117578,0.7570174294855649
135.69922769321292,3,0.3969234491101317,91.90485318544484,0.8710274248134312
162.06954718454804,7,0.9983773737716111,121.1148606986645,0.6474125810043717
158.83377724624592,3,0.6346387472242359,134.69456231508283,0.7578139645720021
131.19028425626828,5,0.6271722665679309,197.37486472222406,0.760565299094871
165.57688291682683,6,0.36374324380308115,102.8775859715812,0.6936006706028359
125.02227994746798,4,0.9367985123035507,111.77511969918412,0.7418993038078672
113.94233313095687,9,0.6923175166460463,145.65023115590955,0.6078003407884913
170.5294381511647,3,0.5710054579298273,128.73565763431702,0.68951672340241
169.80167301447898,5,0.7861550058652534,168.24586456707382,0.6209034212241293
149.81875276276114,10,0.2546365684154626,176.53637755495765,0.7276688927650697
129.1480801184892,4,0.4246354904112403,76.51758668841484,0.8010334221312567
115.59757587042799,3,0.9384620064758457,102.93974401654691,0.688993051831128
124.07011122676191,7,0.5453864311646015,130.6327889703542,0.7283549934117558
163.85941356806055,6,0.591594421789926,79.19040118698726,0.6691058013600412
106.82230369134442,6,0.5133040558504371,120.73870841141584,0.6370745587953547
138.42465383205925,3,0.6699182333615817,114.47407904765976,0.8744359127929368
100.74487495390045,6,0.951784456605492,54.519911923353234,0.5167428939895389
109.13701249515206,3,0.882065841883726,131.0313139104586,0.6549116580512753
112.37678663791432,9,0.7117530443018834,95.36152137687301,0.5959818961430589
170.8211135916576,6,0.4878491288415739,129.36599890722582,0.6505376637785555
122.45507150894265,3,0.6661151336082384,134.5446123382284,0.7633419565108893
118.02071321086441,7,0.899407197118334,102.93593040804541,0.6490506630317324
157.14428850197794,5,0.49879007343372517,142.4253206750165,0.7483672244906543
169.36004897752275,5,1.1082790910560862,92.42993063229105,0.6031217258399569
127.50818517799718,7,0.9104613754813693,129.30674864966176,0.7155046810553657
147.68291960265452,3,0.3398128332616393,97.45209389185513,0.8572726381516144
121.5168712041827,2,0.8332015123599932,138.88064578274245,0.7529697424681396
134.49237465786806,6,0.8537890982401835,113.8276253029308,0.7844744908411747
115.15773540557129,3,0.6457361129790311,94.8224377217588,0.7108237568068827
142.6905841556516,4,0.8735777040696665,116.65673054214508,0.8328476299676588
157.89721175721252,4,1.3010220654884592,125.94912462598462,0.6872779791664125
155.2545898949102,7,0.6712881871318365,82.62279697693144,0.7054088025301548
170.95775255872164,5,0.7225219483145079,170.36745210753546,0.6183808702728852
141.71824427734666,1,0.4074323454554649,132.1256528471741,0.9260653298014903
144.40869513752716,4,0.7469288539806334,98.66949202162058,0.8240655314748782
141.22546991639365,11,0.7646359995352485,129.58764624316402,0.7450401304687597
116.04800089915945,7,1.025441877187098,95.6822601671524,0.6192659628129934
149.18839781759286,4,0.7216981004124623,95.46383082139303,0.7929429994089086
144.8928607387295,3,1.0335902185619257,167.9116017584403,0.7924043500198107
133.5474411130884,6,0.2,140.12503099451163,0.8358023679791942
121.60161670141709,2,0.6658241945582222,124.05525015846793,0.7785087751322539
122.41297520242364,9,0.7040262467469246,156.22408913597934,0.6572260493770322
174.1991559632188,9,0.7931120150894521,112.39963484554548,0.5534720003171215
116.87680110301166,3,0.5488453626997505,145.7596778989186,0.7316498722507035
133.74059326366643,7,0.649486408975284,119.46255868051357,0.7880234023494221
161.30482703900947,1,0.8972716047404081,91.05803413244334,0.7371617893394756
130.8860785477701,4,0.6160604153942655,159.7590819272254,0.7955461032639156
152.00693428911427,11,0.670350998481681,117.4653962220792,0.6865105583477809
142.20726416433072,3,0.9678494685367967,73.48297037836959,0.8176571644832098
123.63921324476726,3,0.44616655859500276,146.45668215559957,0.7866132756858373
161.252370721288,2,1.226812767730548,68.29630557017744,0.6769119770684572
159.07254958035386,6,0.7403835521798882,128.17173651322665,0.7042714606278596
139.55596878871356,3,0.5633181622948213,107.58730190758091,0.8888120323105977
131.5604638799154,11,0.26767496234378857,157.93843659803503,0.7308920204105933
152.44992116927233,2,0.5775125347218877,125.39214564410628,0.8262536355970478
141.22670192601066,1,0.8658909698788329,86.41445345513264,0.8715742532026749
154.95993045369073,4,1.2982278629235662,109.52022418274187,0.7046222463401174
129.58961960398082,3,0.4449015514913999,130.20889173498682,0.8354357023579618
151.06655118354757,2,0.36484609035987375,188.4534704269602,0.8217086772809398
133.4944579069113,3,0.7426359049638311,93.63056306748189,0.8227164416982933
139.91529675550066,7,1.0203509719725257,128.63819019440956,0.7876012199536355
142.86528688279216,2,0.6963389834298936,148.07656789498554,0.865666095830071
150.23983961863127,9,0.2789902647716076,173.39775542241782,0.7391699563861766
139.8918923752992,6,1.3164134475493632,67.42346948164457,0.7484287541257497
176.28150258599942,7,0.7556119720325319,129.50308689274902,0.5722826261718902
101.36684503311193,4,0.8312004830464681,137.50149149944102,0.58960253441641
128.30800455126158,5,0.36312053047385656,187.0078939579005,0.7735147028733024
148.07152722468945,5,1.1144443485113775,114.18478295553041,0.7565147075151162
148.720047829895,3,0.5533730645592918,108.48099886968575,0.8351295962723739
129.74165729727935,8,0.9082587751898504,94.83364651345195,0.7068038636370173
135.92436583283705,5,0.6837613359414854,69.6396719036072,0.8014750119045468
136.3622201443027,3,0.5280531931296378,136.07973843798817,0.869009626961283
115.07528049233154,4,0.6984088918962398,110.04122568328589,0.6984616616944118
147.35021673030334,6,0.5510371002836537,138.57583072569855,0.7955749391442242
123.60872525721203,12,0.6167553746402421,135.00507016344045,0.6407131474932557
133.73200963918254,3,0.9670399440372786,129.22896201721548,0.8113822020701472
111.05099765519672,7,0.7867170334455554,125.25182382385412,0.620417267787948
133.58269248824726,2,0.8056622399169484,126.22029704006286,0.8431960053521408
153.77248645589034,6,1.0979099871167808,172.07537137402346,0.6794616630412621
129.06119353777183,6,1.3855230509326923,140.66922141623942,0.6870394177050767
116.5650686707397,5,1.3908620009094146,117.84541000835276,0.6284839299408526
151.1799655632469,2,0.6094332283908583,79.88028088959823,0.8122348405668228
134.71315287016282,9,0.2167282476398204,103.32298264628444,0.7988165180628171
103.45167594735912,3,0.703855538328432,117.97650079447376,0.6398347862575919
140.97444084739735,5,0.2,62.63766757845775,0.8666357652276054
117.05569323837068,4,0.8610022931906427,128.69926820431576,0.6961047988232316
120.45319823237064,8,0.671604072277877,116.62870033414032,0.6806546367292057
172.18282664614847,9,1.0168770193383603,106.45459087535487,0.5412348931337047
161.86525044017313,2,0.6264099453843773,64.41458155269332,0.7307098811674599
164.4389801662583,6,0.3960303296356021,105.52618094662229,0.6994294220095081
146.14519212194978,9,0.9235910417130845,106.13483765441285,0.7239700803792557
134.12362155017422,6,0.2,137.46922753889697,0.84111901725733
132.01538551390573,3,1.037409863469048,99.64624024366717,0.7867206061033929
170.15084474981163,2,0.6578584336776583,140.24441568440184,0.6919616273643778
171.93090028958366,2,0.4625699253468755,47.75196331352444,0.670732540708935
146.3620391136541,3,0.2,150.8724560339774,0.8754350414456519
113.10656454181196,7,0.8704779298496859,139.82782427919747,0.6176471793608903
134.24128268143747,3,0.6173289353153733,179.83351700753036,0.8216348148960845
145.69057370949125,6,0.6188684914984784,133.03215571694759,0.8029359062774619
111.33006607593802,6,0.5784173628519231,162.5173114933762,0.6374046422802966
161.76513178329364,7,0.3313122233370911,130.70506020440789,0.7108206434418846
156.59098204764985,5,1.2882161387427276,138.26884833610433,0.6754224789546703
167.39276974241352,4,0.6806577277330057,115.043474028523,0.6865621367375665
110.12885897874673,4,0.7384815324041885,100.5195156889875,0.6561884153339969
113.13684279895074,6,0.5094102892865273,168.062095143121,0.653270092429285
100.31995110595626,5,0.5374217621147964,96.6667883552584,0.5937612691367057
151.26304647311224,2,0.2739386956624446,102.3746882252754,0.8577273140714936
135.689734844881,3,0.3282186408284578,71.48658024287437,0.8664911350179578
143.63874787423822,2,0.33296789545732675,115.17751915286726,0.9097657352664945
146.1636361057465,9,0.6547570604122226,114.96192789809828,0.7556344576416335
155.3368612941167,4,0.2,117.05406126707572,0.8161176254098197
154.92131718109428,5,0.5500637581037943,68.50904855118812,0.7419120921774298
143.2765209333389,2,0.43135000820760755,98.18400816153806,0.8929015308245012
157.1656624841251,3,0.7903544112128564,121.31642233331206,0.7607954632438182
147.4662088034206,6,0.6353657488559327,107.4500604097201,0.7897165110970028
139.65640503306938,3,1.190254743573809,157.69179891319453,0.8127440042446402
145.75496517855814,10,0.9941811774415159,135.4109472360919,0.7036538103787432
126.89931236176379,9,0.6858635552378575,188.780148754935,0.6708645331352313
145.9590393969146,10,0.9361872260965307,161.97675248952845,0.6933339300278452
157.33314759215926,6,0.5630823178245432,179.0798157023679,0.7053153311018352
98.69342238022585,5,0.7776615179594688,144.91736692216503,0.5580136824488005
155.27492244742044,2,0.6702746223275451,151.90339161868127,0.7834156149962863
128.16497878622292,3,0.7849585312880605,78.4841410322704,0.7745396393528303
96.44983519687356,7,0.9850766356619352,139.1221430391147,0.4955344916134555
150.8517678957846,6,1.059345655363288,104.5169553335582,0.7231186236770839
114.68104416688593,3,0.36610412412456195,110.9625972930416,0.7445757694184731
150.14138998490063,7,0.746922711566796,85.62297578333859,0.733600115490282
115.96783574278902,3,0.4413469906204185,162.09359565033316,0.7272655416396999
133.10680800064173,11,0.8333553105222742,66.11214041829643,0.6757721558511044
130.04078025859874,4,0.4846478293714023,103.61283606265252,0.8160364388216583
135.31170448168402,4,0.8555007033749338,171.5023397945095,0.7945822152101172
133.12885714305256,6,0.8276558752251066,137.08969423662782,0.7719325188552687
125.42870347057453,3,0.8618585956908702,82.70156861522148,0.7509508127987552
160.4985886743538,8,1.3847524326016565,125.56653705761107,0.6017749783232472
153.1050623845797,9,0.2,127.88196565445165,0.7532540476281067
159.63471203789976,7,0.3453094654637592,197.8183372591414,0.6863385636125471
121.42337311432897,0,0.8487877807057733,141.58156019725584,0.7792872870264735
147.77994067880994,3,0.9523944283000665,118.13359647094406,0.8068573951284517
160.84796692348652,4,0.565467428953154,129.08980595792855,0.7394169187492587
133.68162991561115,6,1.0561494738341575,149.65041661306358,0.745790131713401
141.31483876732526,5,0.6725553559198285,156.2758204017945,0.8288256390692963
161.85208208669812,5,0.40750467922547295,116.42960836710974,0.7365854339256372
153.9133516120202,10,1.2572215332023067,117.18852511606836,0.6299602387752282
158.58107306204582,7,1.0919292331780226,171.09235814148605,0.6335486128566222
190.89824393130968,7,0.6521773256852434,134.06260016280308,0.48264808557674277
145.86020103317196,5,1.1739259338038301,123.28301383373675,0.7667155031575057
171.26002053076505,7,0.8984176130864098,119.91262450426218,0.5967095598775154
151.94099756063156,4,0.8402871865637976,114.0641992439445,0.7730669638527123
165.13107959663728,5,0.7894364224555549,102.73940663899123,0.6689266085763023
100.30436223635128,7,0.42652192562225755,116.79594215759835,0.5859301902121151
123.01315892250308,2,1.1157736214532714,104.30547634324134,0.7364578508620496
151.73606890516803,4,0.7319576173650976,140.45163055800293,0.777201761919035
138.94527839292658,2,0.9098893274910812,148.58154105102096,0.8561009559531686
151.503944928789,5,0.43643516775451763,78.90238201662248,0.7818315070418562
169.1165479954585,6,0.9582468051376554,179.9105742413947,0.5867813471601808
119.04384177114233,2,0.775355070734867,85.36736647140418,0.7335164194404646
102.28412609139636,3,0.7459617776967832,110.80537139608464,0.6238565358374555
145.8641177340347,3,1.052556899524876,159.56470925516484,0.7886697977899673
111.48052609168812,9,0.7702018449021557,148.86010416747862,0.581816598250217
139.00178953158763,6,0.9966323276052891,159.9695784193779,0.7814767094392898
99.52818303751624,8,0.7048409509705315,82.97610851902233,0.5191349632191786
169.65142865165095,6,0.9748707941015352,92.4937498510964,0.599555479496116
138.85320601885996,6,0.48321167367986706,143.3160845920661,0.8410801590954875
123.2954241308227,4,0.2,168.33462468578932,0.7817835916022684
156.15501530930672,2,0.5843884829912278,53.21734103614122,0.7667595724366887
125.02845542915377,1,0.32139454124637645,132.5843281613677,0.8460589553134055
122.48073091669347,4,1.2321396997728578,116.58558348989315,0.6980940047395003
161.23669782776352,5,0.6874828610936582,135.89465849895208,0.7058433625394596
131.05882606229378,6,1.0462383078443642,116.9416139736388,0.7440692396162103
115.9693022592595,3,0.6058432132547446,106.45786569859969,0.7266876191243665
143.08433050828825,7,0.5896238130555741,134.48222452359968,0.8074297350149657
141.73139233497875,1,0.6695794148491627,144.94736007243935,0.8926397984638703
157.82009617477038,4,0.37039855307487873,94.7463195705023,0.7701296810665441
138.0832844982372,3,0.8275507241142515,89.69461834734147,0.8426305011031237
167.7243911101678,4,0.8875258597831066,136.35846615469038,0.6573301032012983
160.7118918389274,5,0.568771013401642,139.18160473927017,0.7193871726562808
128.30974456817623,5,0.764060420410458,65.39789485945099,0.7403244188909351
109.86344509877833,6,0.6080626083858298,171.69766106776171,0.6195624503378494
127.77682425829381,6,0.7152453406228756,81.51243139446532,0.7356056451010409
147.49572635628542,8,0.652137017276125,146.71547107574105,0.7499728608550731
114.06976484600682,6,0.8896665616796359,149.10700600056475,0.6319945505828792
152.91457536162912,2,0.46588366145573284,119.621721788265,0.8371043102148242
126.42398374264779,4,0.6043190901022414,113.65590230610673,0.7855368172219316
112.89060744682152,4,0.6122661834698739,113.47205681164233,0.6944174628605129
170.45871211647645,4,0.2,99.39320263855403,0.7054936984671315
131.14430196619733,3,1.048391843576491,116.0340281617203,0.7889195110624
153.0009647088179,4,0.34087802760563907,123.38806900577242,0.8173568386218878
137.278726397842,1,0.7959577532773744,89.5398282147837,0.8703400829994223
140.49359527589158,6,0.6487007823167259,103.80008298024649,0.8328393326958538
136.304364435393,2,0.9347296117747819,110.75435780882472,0.8467530005078223
165.76366446313537,7,0.6692018843417891,127.39141046666437,0.6522157093301051
134.50693796724605,0,0.49448804306680655,156.78604665522013,0.8934940895553929
136.23571524540523,6,0.3652751929621759,144.16469013572043,0.8349524211533059
148.44752427439116,5,0.23827959172346103,123.02601520502213,0.8431740927733673
150.75619732799936,4,0.4867907432824856,121.97955253609724,0.8185131920761461
158.20813573700792,11,0.7544416862912616,102.72634914488262,0.6285717870935337
120.13817933613294,5,1.0223435166128385,131.70846824546712,0.6838488059987873
137.4676657053633,9,1.2406948965970042,105.31344028755099,0.7158890818691388
165.21673167628356,3,0.9038567334350476,179.44480891652668,0.6634778883054234
152.24750401355158,8,0.8617734697270516,94.9480137178389,0.6982548561135282
137.98917022368053,4,0.9503585181658187,96.51139097141231,0.8185093891031842
191.70995150567703,5,0.5216394735418709,134.66896114824294,0.519953619747831
160.16146172864035,5,0.2,154.74359817209668,0.7512882561578995
136.68322184728112,6,0.6536441184139522,97.79917290778644,0.810189940978138
115.34053416801993,5,0.22091873520105582,124.46240371132401,0.7360325744270695
157.61876751822953,7,0.3559841645733159,159.06504297467953,0.7202403317685384
143.612192844375,2,0.6105898068348137,164.66259593249828,0.8600471803915196
114.30714806645038,3,1.6618941106159624,139.6371857685068,0.6066153617322358
173.1438391824596,7,0.34293957858571883,133.63054815688645,0.6321745875045383
141.98840659436397,5,0.7003385003646583,100.85981879581341,0.8310766719987819
127.73614352064891,2,0.8483691106919717,93.94755829118215,0.788930467008008
163.06552948510105,5,0.36943150855142526,131.2557609965896,0.7280334520238563
146.10314964240257,5,0.7179308757793734,84.23682742982709,0.7926508189337274
141.76369878801282,4,0.46310404439602626,68.64989399137505,0.8534037669688536
123.50393340843983,5,0.4011253383186608,148.63718007742682,0.7590041444036068
139.14570126272946,7,0.35998430317404523,156.7278186255492,0.832901901086598
131.10122490059328,4,0.7830014949415548,109.87782961793857,0.7967512551864323
149.84073530876614,2,1.0841492022453199,92.30051499179854,0.780591574934693
147.8202841908044,4,0.5821364434833181,190.27905340713556,0.7906072091534526
155.70003494797706,5,0.7896734617129716,146.3051662141414,0.7267517729454439
114.42089778536473,4,0.7527903329049686,129.94738678251986,0.6886672926216458
168.0623250906793,4,0.5490373243425342,146.78729651905965,0.6831322688950736
125.6385363616323,5,0.46427675391794765,99.44293647398754,0.7714086428379693
146.0386989062108,8,0.767086813803088,79.16970481904002,0.7403498285888636
169.64287224141444,2,0.8216577808684966,133.81143697154008,0.6825420530973096
155.9805424065446,8,0.7108831774562672,138.22391794955723,0.6922503340165441
100.7149936753045,9,0.7191338722533361,135.2282432790877,0.522726435454981
142.31403946683344,7,0.9503188973052535,121.31050031796968,0.7838131247583798
133.05245415217738,5,1.0265581825369976,132.40842335480585,0.7691336408970351
160.56386865666374,8,0.7249199527559157,131.95141943719545,0.6637758695482082
189.48939933867496,5,0.8724984751899484,141.34375246079708,0.49596318330050704
80.0,2,1.0463880834409662,156.85408100431462,0.44488670220906196
120.11630881840395,7,1.2605662202347228,104.40691431861258,0.6277226113873388
112.69172431216609,3,0.3802362946863406,101.39418186008416,0.7245846336458533
128.28831949022623,6,0.5573504360952429,124.18670275336873,0.7738611403512234
137.92044562818197,6,0.820846834369552,124.61120604782606,0.8114898396132434
116.95710807423461,3,0.8853605896516854,122.47413219471086,0.7114701436437785
157.34453934398806,2,0.6832410509440183,103.76493664025232,0.7770261529680401
131.08293557471572,8,0.9176719916932965,123.48395976536068,0.7268501714591303
166.694418102011,2,0.9208527144637918,69.29169584429971,0.6717806611203806
108.6226541450917,4,0.5945358430035325,104.80336429893224,0.662921534610776
137.611612384381,9,0.28788907295091254,130.5899044956071,0.8144052283254448
133.7845212908602,5,0.41217686444258883,123.03544552695372,0.840659430202057
151.71823444959622,7,0.8636098764624588,150.96027010238436,0.7133172992995659
136.98501751119818,3,0.7131474123143464,83.1034686087058,0.8430873025147232
117.54372624519159,4,0.8157484978702251,106.19549546009925,0.7010474893254209
120.41526558261913,3,0.8731431675287553,165.60340243372988,0.7117855635569575
124.1127321082663,6,0.3877170306775402,108.62753560461607,0.758995141878808
175.32255739959533,7,0.7600756836235105,102.81621285436862,0.5739621672261072
146.41642644840422,3,0.47098904496669136,138.876649815168,0.8546378915055427
143.17395314699198,5,0.8268097214884402,114.81393393670875,0.8182781923916033
154.23679491992655,4,1.055084521672767,144.13940444813224,0.7261688014509172
154.62250433138678,6,0.41818050434768267,143.6707190641391,0.7575481878759093
140.64296471744646,1,0.37560508749962745,103.46388898016738,0.9339663314560428
178.23588445948684,4,0.5084740204794429,74.65784270893795,0.6090566141715534
141.4806002610754,3,0.3441847518778226,45.732750485518764,0.8694512733414477
116.88847685885759,4,0.40877023026634074,170.3098935084902,0.7170962151943664
107.4727716626301,6,0.2,144.2868433043796,0.6596591203595453
154.8507729230231,6,1.0353866097533913,74.85474652482215,0.6823754898294081
176.29010899006505,5,0.48957200487228736,127.07960310458442,0.630175626743124
166.59679993998137,6,0.9052014032505041,103.04548532657053,0.632748685256502
140.12006472996907,5,1.1118392253287108,123.4514146413194,0.811098193355491
130.1714990410484,10,0.7086171087166167,98.85897021706916,0.7018699328559218
126.08657055839657,5,0.3817004019449932,96.55846069417704,0.7810506861360206
143.48515083977668,2,0.5240645777534998,90.83683937435026,0.878157447389667
152.36255689351532,2,0.6715779974140095,152.2745421277911,0.8024948531197241
125.91489690681277,6,0.8002038091223355,139.1745549889768,0.7254264012504201
152.65639847913798,7,0.603820892404147,141.0705443697497,0.7385360629154712
143.36837700550126,5,0.6549090428455215,127.1911657004588,0.8330581569562957
136.0815304499606,4,0.9245912509055436,124.28151863867674,0.8190391231099182
138.08134760291205,5,0.37328570081697454,118.79833250310855,0.8742128208838875
138.95973043058234,10,0.7619829645737288,167.26535308954956,0.7406080435856486
134.20389958110644,8,1.2612034711674465,170.1890120864309,0.6873561989315033
136.23787704869088,3,0.2924107312589636,114.20483369392554,0.8974585703620015
115.76702365070787,5,0.8282855236221842,121.95235481990748,0.6795336304092188
149.17214435287553,5,0.2,73.16973345843658,0.8178355562355167
136.19589122484504,5,0.6988156923453557,43.69430662355417,0.7873656537219615
121.05939846200545,8,0.5055533207405485,178.64495960982438,0.6705934578894124
165.19072292505285,1,0.2,62.678212076188466,0.7652164094308634
158.2028005906813,6,0.8940750456287987,87.86181678612806,0.6813859452693158
144.2468860166436,4,0.6372075228495919,103.78397243145601,0.8389577700660035
132.3085071793994,2,0.6104768457763029,145.48477268759785,0.8435174895697004
181.10401950100314,9,0.5962816444179089,118.2168501020561,0.5303544000526639
140.50710909260894,5,0.6110490459405613,105.26421483280507,0.852327820806776
120.86072119113004,4,1.168015250924349,177.64385063559132,0.6635789213842147
155.77485849799618,7,0.31432282560353597,127.25068182340821,0.7543738375511118
133.9099822683234,5,0.8175204868371425,139.8476619558421,0.7916213542407518
138.7293607468176,7,0.40494038041759367,146.83916739112306,0.8311243850530675
165.99688804085636,3,0.8898456245423707,124.42718460689677,0.690243303602889
146.3505371410895,9,0.4721319010006696,90.96254365562615,0.7593179754346843
129.03747881754052,3,0.9566291841509571,113.29296183191043,0.7825274747195692
138.81331512148014,3,0.8166517213728028,160.84170566379186,0.8427337588593697
122.80982991985752,5,1.5022098649977011,64.30791834505135,0.629237834268753
119.01352242245564,4,0.8993993602425501,125.75291868470016,0.706954147522838
151.21495673515875,4,0.6985261444369028,113.57014654385182,0.7918088665129469
182.73108110764997,4,0.20244248306539098,188.53773999428003,0.5968053554234166
151.81256573408567,10,0.27002937703462077,130.09011971250578,0.7386410020067969
140.94378460350413,4,1.1315603329655786,112.0663516338026,0.8161444869210828
117.57912058118734,7,0.9175576878203663,173.28186129281937,0.624170667707646
152.92768788177702,7,0.7997222738854898,116.32088348259188,0.7267992331121554
152.86429036877863,6,0.4469615127978083,120.44282464677438,0.7792958992357093
132.12600896910715,5,0.6592392185346306,130.27385341731784,0.800875108264297
191.9235402923283,3,0.9052497734172809,106.82752319183297,0.5110000447048793
129.3117363401076,2,0.6938954914043699,148.22176800485983,0.8136765997909138
93.30989811365153,10,0.3629607873807074,140.1593885589817,0.49123691504239403
124.26929576709134,7,0.36322014203510944,85.82499664883441,0.7348205112708948
127.71308666446296,1,0.7295171109833385,108.34393371686467,0.8236599409518996
114.4994244386319,7,0.4033453925523177,130.87055169202603,0.6786224282845221
151.28415001029572,5,0.9114131627003067,117.59093954908897,0.7572926500774917
138.7780096003273,3,0.5626148119395527,130.97683619419468,0.8844936738114518
140.50816993640603,6,0.3971861410610034,54.44367812053903,0.8304734074959367
153.546585154808,5,0.6972229608745274,134.48418946080932,0.7569203642911553
149.78875211914084,6,0.6225634355810347,120.78660945836575,0.7820483037263101
142.79040035876224,6,0.6600738290068632,114.46874404147871,0.8223170280639425
187.48779361020087,6,0.8079812486082215,102.67997205573923,0.5029943466576938
128.38372619775976,4,1.3304840488122018,136.16930766429195,0.7205268210681272
159.4315566927624,7,0.8257016002863864,82.62635778822631,0.6621229941241823
189.3698271266298,3,0.7586088048477732,143.8349565486843,0.5367652961439773
126.91227273214933,6,0.4871004105842876,78.59770490435112,0.7510371687694286
94.64395391052929,9,1.0313901824135132,137.94774811749448,0.4495163699857915
96.18447322981062,8,0.6561562745319245,105.0564517819717,0.5139788895133071
155.3860365211163,7,0.34700106098369865,183.0026325688123,0.7227248545559591
119.76240601238553,6,0.6398789189880307,104.87118341974181,0.7026899167502904
125.70942736020238,6,0.49244821552866463,145.1393799616872,0.7515183719808787
150.83766805988304,8,0.7535971942903905,167.83163890480859,0.705816027446847
128.62628219015443,1,0.7721656342559742,87.82611627717279,0.814084271329417
140.46742623920363,5,0.9286360205046102,133.34529586660676,0.8216061697622888
159.55746331087363,6,0.4757094154543786,112.8174736835746,0.7280556773173905
165.46545164916193,6,0.48064013578151144,114.66591494052942,0.6892029281721745
119.16297340031188,2,0.5230458577586035,106.2319931090306,0.7711330108423471
127.4805500621149,1,0.5919991287098875,108.86885118096218,0.8361531159769786
133.07663612776707,4,0.35652653035888965,167.41528060281448,0.8318497652587724
112.31234202210707,1,0.4676001459824711,96.30444222772323,0.7404914001200907
111.77448466125139,3,0.6908785961433794,131.45301270205354,0.6913792532928638
140.9389366852554,7,0.778015495969114,103.16308625387413,0.801585031531316
137.82621673131416,4,0.4327022271065348,86.87443696408988,0.8638347982559353
154.11527139429057,3,0.8773979775246563,104.45197482011838,0.7645206011856631
145.0266284934046,4,0.9567525391051794,173.8533967382226,0.7808953357233278
165.30598776758023,2,0.33735900040096933,123.95203811622467,0.7653619381114656
110.505749464045,3,0.8584151075795663,102.86088490068154,0.6630084217249442
185.50894933321075,5,1.2302884434233965,128.07882328245333,0.4940899249460035
122.87946084590256,5,0.5122255392379106,107.12707584343865,0.752488893850803
148.9883017375013,4,0.9039885377870831,79.870434241249,0.7673849314386436
155.96897119991178,7,0.8288324964603775,78.26283412797602,0.6824696279812038
136.65296684991688,8,0.5439795541880073,186.8676992900145,0.766139768419526
143.47674975432668,5,0.7044037153393597,96.47786828940198,0.8183134458202206
119.51917701542162,7,0.2,80.03519956712589,0.7162585131956586
153.51590843088704,3,0.6440376457729593,151.10454526220704,0.7832098762933422
137.64460874859154,7,0.7126724712590056,96.07270248953901,0.7947372014700093
127.00057053682809,7,0.46058157263265426,102.84950924813009,0.7527509292312166
134.09438660823514,10,0.6046271797300067,156.50679786781535,0.7298849717108917
127.38428838458431,4,0.6126473205220498,149.75110833128173,0.7781021303276451
121.426856094725,5,1.2308628470382197,117.50482129969069,0.6767065455386173
128.5088036281879,7,1.178030683578184,115.96260047560169,0.6983459560943241
143.7374651557861,9,1.0985618056554276,121.94134356873654,0.7291488608576964
156.19578626972205,6,0.5151170689915376,128.1486949139609,0.7459893319060543
178.78766730253554,7,0.957599152605652,156.35293561354013,0.5204595607150089
182.3112857367585,3,0.639319304738353,123.0277282312383,0.6073107600415313
145.5965871720652,5,1.1474688977727372,85.50041315514954,0.753776091939597
132.64442329356953,5,0.41784462017861834,103.67087397284028,0.825106623257513
139.01606095860433,8,0.3325785163074589,151.4815781883761,0.8226927890997408
87.78052803453079,2,0.5218147316066098,143.62953455917895,0.5565611945366672
182.66476677532904,5,1.0356679074657766,132.72580289033144,0.5299315402566002
126.19697036504061,5,0.2401958331537692,135.80135853451344,0.800181686599053
169.79823136672184,3,0.7672050789657399,170.38169674929978,0.6516347847978917
139.11858189720036,3,0.7775821656152336,137.82297126484463,0.8614640120504543
137.83501214678267,5,0.7009132995464034,119.46073046791162,0.8401758235060839
130.06034231792944,3,0.2,177.67385481781395,0.8366945849985219
144.24377124578243,6,0.46952707630677304,201.32735732945304,0.789573618881077
197.42911915382172,8,0.7205790274973953,145.71578318876158,0.41079475667547033
138.21645610188332,5,0.7982309912743338,186.86982062640703,0.7961367078704515
107.93102787211532,2,0.7588605829527088,128.87803446314717,0.6753885528170829
133.65903325273024,5,0.8113906195211681,66.74200042261299,0.7720000488564254
101.93485856432554,9,0.6908059025052755,110.11509588712322,0.5366601867822667
153.0299222121667,6,0.3043732418225477,132.25242979451076,0.7858896222952391
146.8190528434078,5,0.3302153743944805,122.38589350665434,0.8451926138785808
149.5776729210112,4,1.4055702342722087,131.7730660118502,0.729051231537232
138.35109992631024,4,0.9443772062508458,92.06681068517716,0.8190511737087488
112.82290724342295,7,0.7042912900231247,156.53031231649442,0.6230956346668992
156.51984315376373,4,1.1002217362331355,143.42825511832453,0.7068298413969702
138.59454335557626,10,0.22548240915158618,92.24323601871949,0.8026616236879718
135.726664001112,5,0.5586646700954989,124.86745891070618,0.8379404824919156
104.17705846504356,5,0.6881873074564188,186.78262674129618,0.5802601997205951
184.76283834123478,5,0.6482697774670296,74.9433823210305,0.5367226457123043
110.31740741763684,1,0.8090138342063392,63.927588470826585,0.6750633262918486
156.538092294087,4,1.0193153972568534,75.53004482321046,0.7031089809932962
104.49268559974735,2,0.41741322226284566,111.72011009206904,0.6869433096009583
145.79565977429453,3,0.6361654421068349,98.9087051222824,0.84102833791751
127.4967884504811,8,0.8642206585721548,125.0727776117119,0.7074049806950409
119.35999702781726,6,0.7507389088194425,104.42376718453681,0.6886726266282468
111.1021024035321,12,1.0550638484822585,72.5947739730577,0.4955047278270202
131.0122407454157,3,0.6688338601103677,93.12459044372558,0.8132674358715822
124.83450609323994,5,0.9446344052877377,99.10860519008213,0.717826936309538
119.60865283437197,2,0.8820923801629573,90.52278676603632,0.72947221797176
161.8065060624557,1,0.2,162.8111358268486,0.7958393285687129
132.06441243900102,0,0.8062318491277853,173.98331899875717,0.8364821652368075
155.71480498670363,3,0.5059935423665463,131.01654426058857,0.7935149768183276
126.01123022032705,6,0.9169893667608291,114.2336515901452,0.7218390712317336
126.03178979267646,7,0.5406762422614739,140.6595411285569,0.7363334515424975
135.78456518348457,8,1.1024062464134743,95.22513298099625,0.7278926615713255
169.465849802099,5,0.5867845961902646,175.19514621085946,0.6392185715831693
112.7088506497104,4,0.6998461074309846,96.13183535964521,0.6748143021214406
123.25465367434012,3,1.0562570593284928,80.45245545159102,0.7157677938136354
182.1192092551855,4,0.2,67.36055525243985,0.60996113566123
164.72983909509946,4,0.6117169461335653,107.43171360772007,0.7069803300902693
151.30660478035756,8,0.5685916265758137,152.57553416091903,0.7296659531617466
141.96445342042472,8,0.8502162512171969,120.5318299549161,0.7815865576560511
127.83479590034625,6,1.3457104674601585,71.9432150589728,0.6676293787334995
104.28779486608774,4,0.7921161391689898,141.12417068813144,0.6109713681413907
145.73155188835574,2,0.7693005572375288,141.867598895811,0.8427109323006472
145.9247918608667,5,0.5839010814185666,113.03370222903578,0.823241114024052
96.2846345028994,6,0.6094439260515664,90.88826297670067,0.5414466501790064
122.67073973708483,6,0.906343782715032,112.82106272643568,0.6998489214904156
141.96484546106888,2,0.8350990893865753,132.99898244454897,0.866169464407245
104.95961405473255,6,0.2,88.35770406540885,0.6388183737345553
119.98436812443907,6,0.6107107619246088,154.31517376057252,0.696427392547926
163.01249680574037,5,0.5233492388578133,120.20502054097703,0.7191345304420735
155.29312515797784,2,0.4486053188594929,137.37518153706225,0.8135324217624973
90.70904403355738,5,0.7178069373643671,140.05410807887745,0.5134717619990139
173.9577053724634,4,0.7780074496954628,108.92017601559583,0.6296590947782509
142.7987143966087,8,0.9303146774375111,91.0033592217566,0.7522011914020558
86.56662374211805,2,0.7239152986801504,103.23179176275895,0.5320702905031937
150.5709296941096,3,0.9433825819148282,116.04232973305906,0.7879901714772638
134.75883512538613,4,0.9801714183283432,125.84323435098675,0.8037955176969694
126.58417003317632,6,0.3608483430479097,139.31628122710293,0.7737450319013274
129.2158700446288,4,0.2992538760577295,105.20428521643993,0.8299605711453301
133.24367473790468,5,0.8156818337273194,149.67700661027146,0.7819024223187041
134.60311499882286,4,0.2,132.44437645851136,0.8771072241818684
163.59417942499397,2,0.7423581175099512,126.0461133702101,0.7351107068767062
129.0018612111724,5,0.7059405950356837,177.69187565040988,0.7490339732095755
98.04036691738254,6,0.6924744438177479,136.6758341723739,0.55175731608279
158.1529675127331,8,1.033321243365178,147.38781843895435,0.6404326375569535
138.11692196464415,7,0.5635533067500202,123.11927680506889,0.8243578841975874
171.88754309061937,10,0.7484763141748851,113.73734169847225,0.5590894933664226
137.22099887996058,3,0.31772127095705516,97.52157338911644,0.8922131839868743
136.86543115144553,8,0.7013904984709903,155.82662884402293,0.7690601418047474
163.4399728135213,4,0.7555256419319086,149.8748817201925,0.6915837938721157
129.5401846106704,2,0.309475186400646,119.45762266037453,0.8690190580201683
119.69256382836458,6,0.9064351466529611,138.0508788279942,0.6739453115082488
141.1684690308659,4,0.8084812495636803,118.2105076348167,0.8503679190794242
135.14461253308383,6,0.8843098094109567,137.90982260185285,0.7792498678339894
106.14226091677557,6,0.86867323546496,186.99914282574304,0.5601926698843728
152.30714751831832,5,0.7847210558949111,106.74406958418854,0.7571158385018248
171.55443661478932,5,0.42661916656830917,82.6398259903859,0.6512195203503436
157.27909602519188,9,0.6338963961957258,96.36091738361961,0.6732835632033813
156.9942678367232,5,0.4511218621837155,116.83702738586184,0.764835487862286
149.91320862010858,7,0.360294328247353,125.29073975413664,0.789943209844465
143.29941854856975,7,0.5847287376514942,85.37023258551234,0.7952922429030036
150.06900716916147,6,0.2818244164588855,137.85100095420935,0.8047736211406965
111.8881574516031,10,1.1150769076388274,134.48901304802465,0.543030573886791
154.69805449986703,6,0.7971407966130719,122.00450511934226,0.7311852763843891
104.35320609922587,3,0.6652248658484129,89.99324481709145,0.6341618011972708
165.77263941917602,8,0.5479552074281564,139.78741457281689,0.6423938750333349
119.57399192164613,4,0.9069556935373104,127.48084807056466,0.7089750167513739
124.91802751432624,6,0.6680083731304903,122.88865196509903,0.7410478728018487
130.02421347119366,6,1.3606335600696644,146.38215241424325,0.6927746491264117
127.20716281495788,7,0.8317142216812788,90.03997905267445,0.7098985405164105
117.44274594775078,2,0.32313843490868155,107.1414629405832,0.7801608311277943
140.57466854883805,8,0.6564360620659332,123.4189393086489,0.8086258594074592
171.56662061957957,7,1.2687837551537209,104.04867781114513,0.5488156413602893
193.73577745718543,2,0.2,159.77405707160682,0.5696647852456489
153.15937076219637,6,0.4495453345394129,99.84375378292972,0.7661184135663772
200.0,8,0.9908359807725908,125.00282077746603,0.3781370570463709
121.17345541169436,3,0.5342054071901626,144.23436462340322,0.7626056261237221
151.29839039655133,5,1.0624601833981882,80.83500413031385,0.7216730479777912
139.16716514651304,5,0.6400923076519788,149.7395851892785,0.838916545106401
131.35228233846976,11,0.8329017593112585,176.23336200269205,0.6628176163238437
181.51434103496698,9,0.6265025793661501,81.61095923818044,0.504260223629261
118.98685764966962,7,0.5160329661743405,119.36035213367055,0.7029537277879582
148.47317803838456,3,0.7698105774219517,70.97006168975508,0.7942922340517717
114.29880984414616,6,0.8832451774225397,65.85928633308404,0.620256040292656
121.72275851591594,4,0.8953210585271465,141.8011315814845,0.7165078778192338
135.68727170746212,6,0.6822044099922651,143.1131224347662,0.8001874134756508
141.09417170787685,3,0.4407326314383338,161.195081221929,0.8807461025692493
129.64678478700236,5,0.7026190884771164,155.8051958306213,0.7658248809375146
159.88741759389615,5,0.7758954965242719,86.78493837327393,0.6963748543734174
94.86171659958924,6,0.5557913753920701,157.75197352306313,0.5325256545007974
94.78239573156137,7,0.9244602982059392,111.21638966971865,0.49622349153965883
127.44605200813973,5,0.6137651495851216,142.35591652518025,0.7675105448039861
120.22236385534447,4,0.5012129917348899,173.42410595024808,0.7283477343342252
135.6035338616477,4,0.2,139.64693378689026,0.8797752625293789
129.79371060375942,3,0.5512338565127994,126.61676056228224,0.8281587069502928
148.53581416503675,7,0.583209224816305,145.5387625031878,0.765585448360798
158.55458066499472,5,0.6216814760951728,107.94730317051541,0.7324387052741377
125.22148609167573,2,0.3679226330206065,108.71070983739807,0.8284124827743322
154.6615656600923,3,0.40867733368763054,117.97865431270554,0.8152655257376803
89.54890546637841,2,0.977139384157669,134.752146336134,0.5277497945066815
141.8001923075049,7,0.3603479853844942,79.02275958137592,0.8241987858456157
168.35783319366215,5,0.2,141.3911269079925,0.7040638193155899
106.68567277435471,4,0.747266853158386,99.35290446321956,0.6317071912149814
144.0390386640029,6,0.7286287200714784,159.95722489157822,0.7880117452930672
123.88515719819682,5,0.813609457246325,95.86723297368135,0.7227996761376136
145.92292275831798,2,0.4077585082023791,98.69617305852378,0.8779025380457111
164.14639767889895,6,0.5028531930597988,111.45850893405148,0.6939934233536112
165.03157920634152,7,0.6411881367100524,95.39843707507171,0.6503364566617579
165.7374199248086,6,0.6930431322296607,105.31152221819501,0.6609526218439739
140.9341519627205,2,0.803016062515955,100.28191245710158,0.8725162209175464
140.88078365218016,3,0.6901323376656276,105.2496045647605,0.8719202110882143
110.11338899369441,0,0.2,106.08231286861145,0.7730238782183025
125.1365467861614,4,0.27968431168500446,120.00516319695555,0.8129390122964892
144.50563588048246,6,0.537537640963879,180.995071865522,0.7923225123306612
128.35504281148746,0,0.4231969409958318,152.9708105078117,0.8617301410282157
140.814400517639,7,0.6664772579119936,57.30431538144113,0.7880920015253413
180.96813795480102,4,0.3473472974488358,167.53269267823794,0.605737299068533
167.21872892320664,5,0.8106416781124267,99.91800476748182,0.6513209753493141
121.09588753029915,5,0.8770579725842881,110.60398531825723,0.706046778120375
112.99373249672854,2,0.9960150559460053,113.54669908360962,0.686771543874484
171.84469542491954,2,0.9581264386280823,165.2448552992871,0.6367533559159021
146.12573005650415,7,0.7179350597313524,121.74833961006091,0.7813969938668033
119.53614959925817,6,0.709223520699441,112.13298747302008,0.6982814160767883
161.3884851139756,5,0.6103223771978005,84.06148534134364,0.7014120200433512
152.70444268150294,7,0.7057524047330234,98.44024695035169,0.7277508344002068
168.62498424705888,2,0.4985973936677459,52.82730583125198,0.6919888688924174
132.39365817739397,6,0.32209367723232235,96.40938682223403,0.8139757905828577
133.06014424370966,6,0.545506978300213,72.86631747767308,0.7829982179489726
161.19770654950506,3,1.3428754548430115,107.14674805660168,0.6722537153282218
128.38186247820033,4,0.5879132786831238,152.64813421917677,0.7856165696423694
129.31263048557875,3,0.9428185732606753,112.07871972448442,0.7850683013136156
167.95338450099877,7,0.6543381961588223,145.6414721246465,0.6289650214193224
117.17289965868335,4,0.8226144892916217,134.84544250224462,0.6973104140719243
151.31425817537232,5,0.6245132775323597,129.53116588736256,0.7818251922513028
133.29905154923213,3,1.3832002380889556,142.24481452748256,0.7596487562262728
137.7120546564829,7,0.6691508724390489,86.24498606245125,0.7940791582784541
131.83306414577854,6,0.4488050301507614,51.53254371644961,0.7726357822436972
155.46894736028028,4,0.33839589308254625,102.65825853228185,0.7933997941411445
139.51631696558104,6,0.3963224916569678,113.41325789605854,0.8634838961026537
150.3745956388864,2,0.42026254185278394,125.32225029592647,0.8558529691688531
185.79838741368732,4,0.9798093413266584,101.46239448873058,0.5263978133809357
159.01692195507647,4,0.8012242351046125,124.12448665946388,0.7308067153115491
134.0369985026444,7,0.7956081746349906,131.852778285804,0.7691009623953503
130.3268636360114,2,1.0261107188299583,153.75037965623676,0.7841511414369488
130.66107276002575,6,0.6476013100544471,104.15725360271773,0.7741788282851257
179.55362132604915,2,0.48331304211522597,138.00856052265783,0.6479731311022288
153.99592986876826,3,1.2363081658401676,158.92631166575683,0.7164372555876634
138.1626080694926,3,0.8049550944106278,127.20569990672503,0.8582520444073739
120.30197263697319,4,0.8102954822536396,131.18249093718268,0.7214377743893559
136.84045799871393,5,0.9385329972724652,125.37020782112577,0.8070996381413321
122.51809256371527,4,0.7297333938338906,142.41867036907828,0.7380257941696693
112.11192577192418,5,1.1059391161972998,101.23558872255042,0.6180609205945148
142.31484290816627,5,0.8418107613843309,135.76676397513668,0.8166273244876048
133.53906771194457,2,0.6355390653764571,102.63528678342468,0.8537261486438874
134.33312763021348,7,0.8598569199643661,77.69182941565015,0.7477306196581256
160.10866708800765,2,0.512476115906875,113.11887888433405,0.7808717627583359
160.02108029989657,5,0.6900934538422092,123.42572498759394,0.7206136054011387
110.60865510497858,4,0.5578626364369915,116.5341994698345,0.6863459923171772
135.84277684032972,5,0.9212737014906864,144.12452267793148,0.791755296187612
126.43151270082146,3,0.457104990471759,141.44155326492384,0.8069209449222318
153.32018948309803,6,0.47937249606759424,135.59332976182992,0.7645985261937926
119.23617804324812,3,0.46472784067199946,149.0403741910168,0.7539681950038892
131.8634521994949,3,0.6321680675291907,141.44604240056066,0.8256250732434021
138.43385666804264,3,0.8779847668647129,148.8764483921144,0.8407180964381938
130.81853348638774,4,0.2,108.99793904104514,0.8526779671542768
162.4410923008743,2,0.977418025478833,121.29896880202848,0.7219292661118278
142.0386909853605,3,0.9954870317093745,125.21264146530385,0.8389641116681571
114.55086763703557,4,1.0709020918021017,128.851644994399,0.6583313278475831
143.75120268453102,6,0.6068529599612451,146.65673092848238,0.809497391146734
133.4824591822943,2,1.1321067532318991,148.3469750790657,0.7975907330704024
178.54781203096002,7,0.5836762745669326,122.60804679596744,0.5781980441169248
98.60629324698482,12,0.7325441475934048,87.06830450086053,0.45249215383214747
146.15940575827707,4,0.6845996622570972,145.99910425501784,0.8160333819107666
154.12737942403433,7,1.1512101004004784,92.50303704923448,0.670420369938187
134.97644827215055,10,0.2,99.02167960134894,0.7848550327039754
121.25097774157871,3,0.9575413433287552,157.12144065127296,0.7136293613602753
136.09545636495594,8,0.9329492494895313,80.15365397416795,0.738537925247513
119.6358498981532,8,0.6655642179166277,63.28152318273047,0.6461723126308755
138.27067738107428,6,0.3081733406882523,76.40543182945777,0.8434346439324798
141.5820950417614,7,1.48009489735545,128.4759232489375,0.731734363736636
133.47177462774738,2,0.663534906965916,81.61609902023167,0.8388006173885197
159.8545257538498,8,0.9609408656752363,163.73032562419468,0.6272477830600363
149.53676868972272,7,1.0617410618638419,127.23833557110304,0.7212261383426295
112.65739153787533,6,0.5489382867362848,146.32705391714796,0.6581959738471248
130.03441975894094,5,1.0085512323542283,115.81267494285233,0.7553813834591014
161.06006232130045,4,0.8130234655389954,133.39309252375153,0.7108566310131244
171.7360222075958,3,0.7889833586326489,141.6264482695133,0.6525134892697001
122.08678219801509,6,0.9176825864860336,132.15439454794083,0.6920578479226412
142.6598781401474,2,1.010997671900458,138.76454327848182,0.8407429656098149
151.90555699740744,7,0.8052450037434642,81.93318449952838,0.713956888809342
137.91165035483513,7,0.6413694602749993,86.80022825300293,0.7984964053675138
149.27999613380882,1,0.5438657072271884,184.4741364232804,0.832927823705622
133.7457959933776,3,0.8552490700481252,138.42770921529,0.8175427833869884
139.0945127029185,7,1.0005816159219247,137.9129851277089,0.7789535980229816
117.03071729149408,2,0.5421432109985003,98.5641236213369,0.7507483072997422
156.32218564203782,5,0.4812862078149063,113.08139202143153,0.7642131371723858
152.89827860240655,6,0.7151584487806102,96.6695100374395,0.7395342477933617
115.81190814870867,6,0.6942529356820152,99.96664142838085,0.6681911171056234
104.89807195597588,2,1.0741829772527756,104.84897339877668,0.6201516116472154
136.98253528079397,2,0.2,157.63579224412834,0.9089747950696664
160.62411545479188,2,1.2874381210745225,112.60424984335822,0.6996533347735787
123.95461948984118,4,0.8101650305842594,111.38879977164434,0.747230293413651
115.04480917520837,8,0.8448464156617712,143.63119798138763,0.6160189762788856
101.28209540738172,2,0.46153441116612326,130.58488715309002,0.6598467020697714
133.2533071397497,10,0.900870259480262,141.11242006014086,0.7032058993946713
152.9774907933375,4,0.36840728999774247,74.16963697882355,0.7911813529217666
155.41751392494012,6,0.8863757249067334,79.47794042354819,0.6960667460228083
164.24497750274708,3,0.27278548633358424,135.33038926510147,0.757571385089938
129.17798286069095,3,1.0163367897138769,116.24399830560387,0.7791328724918875
117.50993997980679,5,0.3847403274844144,88.71839203403462,0.7192135626914008
132.19401464522093,3,0.7812425087756684,170.99805347553462,0.7965035948263868
185.41299073344015,7,0.2,113.39200548900588,0.568575620382069
143.6890779583074,9,0.9344678545488166,122.33732596420633,0.7456608470651767
183.1968785373693,2,0.3364870965498757,138.45806023515306,0.6381176221874655
139.02262231892345,9,0.28781538044708,151.10944330762206,0.812419586688325
151.76850883983397,9,0.6710626170986451,111.84058239642563,0.7149040029114788
166.43788498307808,5,0.4769681071630803,79.84725543380205,0.6787435424152837
131.48757191052192,3,0.9248155858861298,118.04782110969691,0.8046843769869204
195.76659310504033,6,0.6939676584255817,96.49337602709637,0.4557667112500043
143.99935300401,7,0.21965818815930171,62.739957918214856,0.8145606933341226
137.7802078535007,4,0.5963572631522205,97.78817065882791,0.8532257541852427
118.31934310348947,6,0.7683713098082123,113.5850609072714,0.6850613013242592
148.15391915369895,6,0.4445959714819458,129.29980114605831,0.8060143856348911
129.0788861600106,3,0.37540358416251624,171.79025459567262,0.8158798523195565
155.8532520823491,4,0.5316528130233983,123.5874483547351,0.7791533446182579
147.42303827198555,5,0.7414108124684163,185.5068723265602,0.7649792900918324
164.39288439916044,3,0.6159958001585222,124.1016612862965,0.7285024899418024
145.90505061960195,4,1.0952794892947195,55.69144598593165,0.7553780724875883
123.40969524002573,6,0.5003445244658611,119.58911196427059,0.7491352446892912
166.2408093922062,3,1.4152868821499207,93.66031310126306,0.6238994231154462
136.20345279140517,5,1.0156144310889312,61.071515242697714,0.7653901950797513
102.59098389736707,2,0.6741586271745675,111.82208183973367,0.6486474087315092
144.46012602804564,7,0.5047403960029716,74.01912707239985,0.7892468574751764
134.2087115933577,5,0.2,113.35562609255169,0.8627000917849135
106.53003368955746,5,0.5183201428021981,66.76843408965453,0.6204617848110824
116.33024490940106,1,0.7736101572295353,118.16960771298365,0.7488237324024889
142.8286118493102,5,0.75759251742983,146.58851033710866,0.8156119412965555
188.67689203586968,4,0.6866429273733143,97.91904240181726,0.5345558950245469
168.19578004721927,2,0.7823249057117724,141.98418104700335,0.6915822085323591
147.53658655351597,4,0.8582571214368576,94.46457210995695,0.7897440286717393
120.9407002990367,5,0.4497190641711298,171.64857571041208,0.724272442404014
142.24270311720588,7,0.4347323240733098,131.98709273005355,0.8299159175168225
157.59676370314145,7,0.6782498676727063,143.6820693249369,0.6967065500312659
151.20046342408662,6,0.2600381792223094,100.56066739186372,0.7985267966904492
147.218953386158,5,0.6116711416581059,98.97755853184847,0.8040273957774963
150.35352756494308,6,0.41579589315241866,126.25172698215651,0.795923711928384
134.53862084063934,2,0.42548639173755737,106.03857350689951,0.8832858183787841
110.15137318318158,2,0.9371552309439872,114.31926225518062,0.6741376660463566
118.7405028582635,7,0.4788920500967093,226.97934258857717,0.645947845940654
132.34065188847816,2,0.6199605771272307,118.77501095670227,0.8562610720752993
160.15775705934158,5,0.7316019616944581,123.25045534894296,0.7156489482410865
138.35465555477444,5,0.4144677396078298,126.57983020083316,0.8689288018483616
158.86961880903732,6,0.4822624616943365,104.28222092748739,0.7272441956189217
119.06327335962796,6,1.051770589090002,151.03073011887588,0.648005468978033
169.9354694893106,7,1.450806450322843,141.3649766794319,0.5384801268837385
178.40227173525628,5,0.2,160.19221597435657,0.626655846223649
133.9040855661906,3,0.28353905174111627,115.92664368224335,0.8837436895350721
141.7880958674742,2,0.3670656317445749,160.9549550556684,0.8986200449003433
114.57654803727672,3,0.4254845117295218,99.40642931773817,0.7315209964743028
149.1757512216129,9,0.9035580693079752,95.51455958478289,0.6998694958055515
135.1173334795742,8,0.34749009851980905,103.19546153865068,0.8033640253110975
141.106075766433,4,0.4459880979918061,160.21561897065794,0.8656853412186785
148.00749066063432,5,0.6219337787092138,112.91538946676691,0.8054874563174981
151.28858773689603,2,0.6286688435982304,163.26192068264376,0.8078414636816235
138.19068677804896,5,0.5321635421692372,96.26266881585097,0.8465341514233199
171.14658578285955,5,0.6037050181138554,136.79923430612283,0.6476526850217048
124.62837810931981,9,0.8682580254350731,61.3396053582479,0.6431076100509847
156.63957799540805,6,0.22937519626117997,102.26968511086586,0.7662817854660873
138.32758594957028,10,0.411339968691823,160.21643667538214,0.7753741113082961
169.31599866688208,4,0.5512057762662592,127.45956997057809,0.6852952257216168
165.8919746597498,4,1.096669604197265,150.00795689526728,0.6410487880179042
137.43445447236914,5,1.0020329223188522,103.13445788246075,0.7983233252963873
160.38811965798337,1,0.9132113388117672,161.31169254562442,0.7348071280958095
141.31767215713504,5,0.6411496906577349,147.19948518887654,0.8369897247817283
131.6471032349755,6,0.8463887563081607,76.83292043267187,0.7456934350649495
137.32428363287096,5,1.0134088581961422,168.5364905400876,0.7788562880994768
152.41094815165974,5,0.7209050374373617,84.49339712849842,0.750443951427698
139.2449444966322,4,0.5726015609955047,84.88748705807708,0.8581991889102625
156.12949720529633,4,0.8169878489653561,104.14766160087345,0.7419643790686408
142.34487132481746,7,1.149202191688689,162.2221970260849,0.7409905292067454
150.97841011828586,9,0.6288063150787201,138.43722827672258,0.7186870631053763
144.69249519950577,5,0.3976692348097291,96.93657236994719,0.8411367598389593
146.02578059706474,6,0.3124054410778365,139.04243764946838,0.8280084532176356
160.45216718148433,5,0.9190678122127375,117.93973770590877,0.6956008474054467
166.8632703157393,5,0.30001931455760267,107.81678880039313,0.7091411491061961
111.4972254379606,5,0.6059970942818074,97.42156552107926,0.661838218781045
150.33682992042915,8,0.5588604041773702,129.04222378714192,0.750178302453212
162.94072606757462,5,1.1628971778765256,112.39628658363998,0.6515478231972055
132.06510600790656,7,0.9653304034611061,144.64509488230908,0.7318759469942059
177.60492842820173,3,0.9436891027019056,122.96319659947086,0.6082853465420919
153.94562652468073,3,0.2,142.93799983355964,0.8292858232612621
128.40411443633795,9,0.6875855361419915,104.82512952542257,0.7105050590310664
116.77883480571138,5,0.7395298644602419,116.21774195950601,0.6941379911251107
133.1182893521184,5,0.5998076479900138,140.32114348623435,0.8078516400561022
158.0986279890107,6,0.7469083723184465,124.18654490714209,0.7123257845596717
151.9848151188183,2,0.43731059080685514,125.56152671909531,0.8432804363943619
123.41265095830308,4,0.5098267353910177,139.85877890587088,0.7674023445685462
144.78883145312076,4,0.5287471890295397,111.62963229304164,0.8505495337945974
136.03957451035055,3,0.7493683672865633,98.25719570034117,0.8415809909516481
129.5990860250526,5,0.4749728382092796,107.23398639033702,0.8010710598962767
159.48134799077206,4,0.4977585736769836,163.39700558133765,0.7362390418153003
126.61028729845307,2,0.7816578267127656,132.80486009066834,0.795455654823595
150.43501109132498,7,0.745221817671133,134.59472163230004,0.7428028989394424
139.01538081494616,5,0.8979652006364091,107.5281311745721,0.8217105360218735
145.74214675848594,5,0.45674288603494534,122.51246699548498,0.8396489180091076
135.3245095109571,5,0.6907418688533231,146.81001973410994,0.8098614211132096
151.2995236729443,6,0.66839043752998,135.48813702670893,0.7592262778569794
122.42010825181342,8,0.9431490491578112,82.64528001938075,0.6477331945515199
194.1192560073116,2,1.0635292843180644,94.36956649461682,0.48861290179423666
149.86823049506475,3,0.725881159798127,105.42987926983805,0.808529169202999
121.41189475241316,5,0.6303396354282929,117.10730937230628,0.7364382844578731
125.8362872256602,3,1.2368309092568521,126.45472663003025,0.7333061980064771
138.7413217610763,5,0.37473589469901314,160.75112793026042,0.856495706753796
148.83112185024524,4,0.2,103.21653211242081,0.8518017055052656
120.70777158490138,9,0.8894498444291948,185.55000543747278,0.6110234897689383
166.92477877607573,5,0.867807005837776,89.74452372869317,0.6419121763138804
121.84202802581112,3,0.7112784557521626,120.90706389999978,0.7623150835413024
135.5564753973391,7,0.49760754573823784,123.85437633781059,0.8134744278874312
126.30460161073782,8,0.734063457902876,112.51704471539705,0.7111338009009629
115.09358993831405,6,0.6169539920373878,113.16284742140161,0.678463448952467
155.76814245590242,7,0.4902738744578076,70.50286967456029,0.7133532571118477
170.30806855896907,3,0.8606837223668334,96.8991823983903,0.6540440498137398
142.82792778097306,4,0.40399581822273417,137.09183367828516,0.87125210314997
148.0069215400368,3,1.3351692150133472,65.85856780638537,0.7380250281241896
160.94303937841116,5,0.3508101241913214,107.52341413608212,0.7433672884670613
120.06350627803045,4,0.62081712143944,125.72185280947107,0.7418295225932195
151.385451630392,4,0.37216801945696104,175.68163277108508,0.7959459467566433
124.80902647516149,4,1.1561916395659868,171.72432998196004,0.6943719403322778
133.59579895039576,6,0.6748407255923052,68.28906415209899,0.7710929560834628
140.62899402874217,5,0.7627793976603066,107.61042016274179,0.8376456667994336
140.4444996892803,3,0.4700081588029052,67.4403377159057,0.8758360404777885
157.70400781997182,7,1.2164513835475095,181.35875620590298,0.6212399449532685
131.00712948064609,9,0.39757852031429947,118.51676288041398,0.7644656572175517
136.33699439945065,2,0.6574684613663525,188.4519506042672,0.841804255079554
145.38574525896456,7,0.2,192.22323125840342,0.7989710142411234
125.03695609928752,0,0.5599938304472011,85.49969278552534,0.8250801536091552
142.52250882264062,3,0.4097332830692093,135.56132462691852,0.8885647658605202
134.921115882859,4,0.9559711704946866,119.95227289557391,0.8105171404449102
122.62874691784575,4,0.6696024924106505,101.05127682717533,0.7467043284485595
96.5046130013025,5,0.28870893613705984,191.42625411565916,0.5664786074418333
155.64152507087255,3,1.3349631399921913,119.98432926541471,0.7172181462313054
177.05481414776648,9,0.2,134.12545628711663,0.5901204299664922
194.9127895937942,10,0.6111178961163717,113.90738895324168,0.41941816251486913
136.55268960523313,1,1.1921903219419052,128.72919620248112,0.8379493450615407
133.68941125465608,7,0.665605586667759,123.23956041508819,0.7845690939114378
145.24948652271698,5,1.447375515439648,83.59355761408185,0.725040070312412
128.42662792201526,4,0.2,150.25765620485186,0.8260343771440729
143.09938161869567,6,0.46088400603410423,150.0986058557176,0.8265276075743309
91.81707820451072,5,1.1596907450310656,100.59968244380948,0.4770334926624147
158.44812354877274,7,0.9560399297680434,85.06844734167433,0.6570020985545297
170.90467943289357,8,1.1106927744667927,141.82970533037755,0.5507719122615983
168.02744038570518,7,0.9401669080629453,133.9713565784378,0.6063718418565388
118.38222085134836,4,0.2,118.35061991472097,0.7749651500727229
159.75695771800196,2,0.9323006019870902,164.44586165771818,0.7203647429825457
132.32751122119265,2,0.9658478847914991,121.95411309182765,0.8211796679444525
134.9150963005452,3,0.9153761820840938,90.52820216456708,0.8131898027755403
131.0817212109505,3,0.9362115479218559,145.02203815700867,0.7880225209713684
126.0320582272489,5,0.7229045853473637,154.73533964129035,0.740292518735095
89.52956145238247,4,0.7215267833353437,156.35638266426145,0.5111797409799813
183.45932314785878,2,0.3145975871790311,97.54565393841412,0.6363367835954906
103.97935599315439,10,0.29115147421097665,105.9694865932517,0.5729524961961826
143.7321252346364,5,0.6224154399277252,98.37546626161935,0.8258639912549954
116.27635597770642,6,0.5413762003221604,154.51456384508526,0.6785299954607793
170.47286645250102,4,0.5804263994519708,90.34398113378649,0.6623293510013443
158.8926233450911,7,0.5163854042876996,91.13910308707739,0.7013768056523324
122.91235728126762,7,0.6921974127646024,135.02381010333247,0.7035160794301392
160.12255686120022,4,0.4201344988067641,131.6552046724327,0.7573610573377484
133.2542867869584,5,0.42939292382057903,150.42957102402667,0.8201839689620944
159.42494046615255,3,1.2333582724745082,151.0302023696364,0.684925568328401
172.73167348879062,3,0.6999296477151331,107.11076923705595,0.6596351948793581
154.99683679512756,5,0.907289023661978,82.49805018074429,0.7134577691000319
125.21920214455362,8,0.7142382461039222,107.29749205044635,0.7029805741591022
143.10510651628,4,0.42605705975864505,112.60904184910778,0.8725874960539954
160.39280084038353,5,1.0160118797146376,111.25961343232306,0.6825910361106033
131.0346855422529,3,1.0287741161005546,99.89966332283387,0.7811869716287605
165.06188328673406,4,0.5367887849196128,99.16282022178365,0.7076656886085804
114.51236437836042,6,1.0637462617741498,141.98150215060093,0.6214958573724317
106.61532783006223,4,0.7465384418182526,116.07887152488641,0.6406032699768598
131.31795546681684,6,0.4267456515707919,127.38712202054049,0.8053411812769551
91.30337300628788,3,0.6831569431786787,111.95683855588943,0.5575717026995455
154.87239304670732,6,0.8832867910908668,109.49347030548819,0.7166850729714692
150.9931135007706,6,0.7865250193354715,116.90418321994066,0.7563401765168382
157.70400873888366,3,0.5623830541013021,95.05369596694462,0.7668759118678369
164.87644065042508,4,0.6374671942826617,148.87118570248646,0.6943707952897408
156.81120855888977,6,0.47882659375826775,124.38528724607696,0.7476063462059764
151.55645176125577,9,0.5866307613562727,120.9166550423164,0.7287846593213808
164.132095320411,2,1.063336487100338,119.65348338744198,0.7025932065913607
122.41715225213014,5,1.1760740375026766,101.45856967200545,0.6798728166372696
125.77431183004677,7,0.2,99.20882178157314,0.7686114243011859
173.21372469968853,6,0.7986516676082203,143.44988533522067,0.5956822878327985
149.0607971273975,4,0.8975964830775991,105.97489086100967,0.7820433102101509
117.92676312160117,7,1.1446274525761018,114.6317262105776,0.6303999678922741
140.27711777281206,7,0.4183609203365264,130.15826036198843,0.8456729781687179
128.51211622690437,2,0.26830064224581596,75.0261597720309,0.8415985771614647
116.23401783087442,9,1.0466979251019213,70.35330232026585,0.5743088276513407
155.78335956860062,7,0.9352736566800433,133.25301199402145,0.6888874527668686
148.56378672646,3,0.7004441870318422,110.01747571308022,0.8223178229610161
133.25166203837597,6,0.2,114.4720548415579,0.841939999612261
126.90233777195431,10,0.31055441926731636,77.9288173166556,0.7082539306177725
133.83412411467467,2,0.8275538240249324,91.15728938902728,0.8301150502447976
126.1203577869289,8,0.5863121048710341,105.20937726356267,0.720620828794402
107.17731059352116,4,0.3919076968687188,135.51008745066264,0.6733745856862343
118.38609943951344,6,0.3610264225520323,105.34241667008884,0.7216615854916024
122.46482425954416,2,0.7274829630134203,145.07360244524716,0.7664207529593707
171.79987286795506,8,1.238315093524076,101.05280680634436,0.5336431197536389
157.40684325475138,5,0.7178412978870629,150.80399175419555,0.7200569197606203
135.26377248173205,2,0.3820308820864495,73.67849049692418,0.8744878897234154
145.6103255340351,7,1.10632786532918,85.87812550448803,0.7280084462982304
147.0218169568322,3,1.2182253473343487,82.36844463255667,0.7654589325724375
154.74977209820193,5,0.7470645756574159,137.9633836133636,0.7419820708832658
141.09174176159343,2,0.5937399024555708,165.83898591696888,0.8778816280566153
136.6336991140101,3,0.2,107.0169796404195,0.905345205004745
146.04296615594376,10,0.5587462277458507,101.68040576327093,0.7436613838320516
174.15689158761853,4,1.1099031858097745,105.7359484485083,0.593372597750737
152.55265682887122,6,0.700524026736343,129.41585704570892,0.7510321867751637
117.31026013643586,3,0.9790652891990141,117.86377494704854,0.7046417469602535
131.62373225365738,4,0.49339275534044175,62.08153227352901,0.8026420129756322
144.43339314929847,6,1.6417138080917855,98.53831020999168,0.704349503867716
158.20677590496828,4,0.9858357100011776,151.21869564913243,0.7026942031616867
163.53902838180696,4,0.7798573355161084,100.30211067114871,0.6941441387203143
101.0895361512043,5,0.47922435623904125,105.26277477011507,0.6094871247008551
143.58770057194835,3,0.29465328817985925,103.19783603643803,0.892282131833713
141.9435565813175,7,0.8441181847817119,82.44904746457522,0.7767694973489208
121.28319885157586,7,0.7309413117342402,141.57638408770788,0.6851403144550218
143.60316056782526,5,0.3997541518293236,157.43285871106528,0.8402074817476407
134.0761368403501,7,0.38245769471093033,68.01984765000023,0.7883839470479078
171.66458970218739,5,0.7732735006782525,77.51578357107604,0.6129730427904122
139.7918875742154,8,0.7337108088439181,77.71826255692912,0.7817516488086715
144.54847351514823,9,0.6282292310147237,151.24768285273876,0.7544940963237958
137.1464009009882,4,0.6457273416700144,149.17361667310405,0.8401957070211954
118.420126100357,5,0.5768530867867381,161.92447761796208,0.7001574888692828
141.0442378898547,2,0.5755141813850488,119.87286004608058,0.9054163626213974
128.29971412501646,3,0.9126819962893196,98.88881479607512,0.7740014583134418
178.2355075815348,2,0.5381998819279074,139.58046419619976,0.6503985922657554
142.44739667055308,6,0.791226863854007,56.69907118994572,0.7793941531386598
134.06605651717862,3,0.5150625727722542,148.1397007471044,0.8483009524222409
156.0894831359493,5,0.30427271525200733,131.2086209276115,0.7810824959420198
137.27897954365602,3,0.7841845968322625,96.11979827142059,0.8451746252030476
146.14577655453482,0,0.7510335625922167,186.36162745556317,0.8470572292352334
155.85953205419443,6,0.8455021196531255,177.31932256574632,0.6878755062479766
138.56526740902925,3,0.825233187141492,67.59585044349475,0.8337983809257651
136.39107872991465,10,0.3181000710285127,177.60927343282663,0.7621253658561205
147.4893844462749,3,0.9352607219853232,115.14737108951395,0.8088487932093651
114.0477129265831,7,0.7766255405186735,102.69623323925917,0.6347089950360529
155.66292969164397,6,0.6006144341576067,159.7294983113628,0.7234470818003003
170.31525102150596,8,0.7879683880984438,139.6735502384529,0.5881717375809754
141.41786506857852,0,0.2,138.33244167216395,0.9603628763916078
172.16571382191,6,0.8915473289131401,125.94559429657141,0.6031040670200797
114.5459652259016,3,1.1155017790834851,148.6546849617493,0.6578369875078015
115.46530811065085,4,0.5534145599677379,100.94670620286453,0.7105087681869344
95.34864294548024,1,0.6040150517761285,62.12620439464783,0.5947706724559487
149.19613743239483,4,0.6784490679001615,97.18443042996775,0.798172193899556
117.74871141890785,3,0.8421603928273429,73.13602793343507,0.6964064968063376
154.68060009526172,3,0.46783377146944244,38.84664596067945,0.7652607588627995
140.23826000582898,5,0.48613575451035396,114.99239634561458,0.8720160224798906
158.93312682604494,3,0.5863717445053321,131.38929976227115,0.7638145912856833
152.67152160641106,9,0.8202773656924103,124.79131108286354,0.6958336132308722
168.12415713619527,7,0.5273788590421474,73.58732331389936,0.6289829128066499
110.80840702626554,8,0.6670333555737649,48.52448174538118,0.5789774233651611
109.3788385980653,5,0.57314710095476,138.21433234798053,0.6534251403649701
108.43725416014844,6,0.7102235062159707,180.6477597435552,0.5948661439218619
92.80432187357877,5,0.6812351201916123,120.6634716789039,0.5418700384275285
159.48164300559318,2,1.1339474645864371,166.30420495865272,0.7010030751937059
185.01321774389925,3,0.39095698224804565,96.81433845162556,0.6029352604001035
137.8480803003404,6,0.4876366836247685,123.53540125339481,0.8449260884990176
151.87754633971704,6,0.6647265022247575,37.369307980653915,0.7184377675019962
142.58528804492195,9,0.36297307298919523,80.00610722599993,0.7892486097493787
112.45167048094541,4,0.2,148.14710355632837,0.7207071901194537
146.72047391628283,8,0.5928697797154443,116.15787279888325,0.7737753474748386
118.16606035032892,4,0.6399489338820845,123.30534226899708,0.7286092076867638
148.61122668184092,4,0.7490268141811912,120.18907999850825,0.8075840962593258
132.20675042551744,3,0.651177217468599,153.72301218362665,0.8191922743212416
164.22144618016708,6,0.7167548544029998,69.52773554116392,0.648808059770344
127.05317960531757,6,1.252188089648728,127.6761749071944,0.6942045134554695
143.50818967506135,2,0.39961632765486377,123.12257795153788,0.9049156705388058
127.3442902415943,4,0.9204576447665203,158.26265525504212,0.7423258064367311
120.99761678763666,8,0.9359904419149089,104.90904977814056,0.6513345398250538
144.9795006517057,4,1.029070658279719,92.86422827778011,0.7888208344260902
135.6341141435041,4,0.7860981905777988,138.06508316561494,0.8222481179180169
169.5744036839667,5,0.40123327577574347,107.34352371499563,0.6806826054820898
125.08369345304489,5,1.2838853687798482,147.34323882688344,0.6819787312384903
114.6390265857793,8,0.3722239680052809,115.50405685058871,0.6712067009105499
177.83015500243437,3,0.48484544922280237,147.92676096239663,0.6387995545268259
150.1962761962328,4,0.6043974471813716,135.13811846072142,0.803175014828799
126.89981652714047,4,0.9818684705368226,73.03624267445397,0.7283876201686176
139.91645637184442,4,0.8572212774655308,127.36312672633201,0.8496302887733365
125.3531906940957,5,1.0520375244166476,49.462057582204366,0.6829631063979756
108.4733950154069,5,0.7616400673908328,112.94790679283227,0.6347407971374252
124.89217173725356,5,1.0965883195807515,115.40480086665966,0.7120694245495373
119.99204974990053,5,0.6119252560827166,108.06344961187052,0.723789722508771
144.92337914079843,2,0.7926684851019287,98.61893329854347,0.8460322534947862
131.00329121562078,6,0.4527620415630308,71.13726569596014,0.7775997737789244
144.83661065050202,8,0.44139610860951983,122.17512390664052,0.8024079159653453
107.67591142852447,5,0.5549088257975614,182.56220779086908,0.6192584115043686
137.8800392521576,5,0.9330682009520479,129.24711283394487,0.8124228233447653
161.81798075669855,5,0.9557302436490396,97.32590278713283,0.6713770499166238
151.88567849954075,4,1.1807296688667204,161.93029734048488,0.7193945668161204
104.09825730373785,3,0.63038313338478,81.1512518221399,0.6310340974765188
158.23573251703826,8,0.2,135.1278776533732,0.7300240734123155
137.53659053283306,6,0.9603156580304493,95.14721224134806,0.78373860010548
162.34161545694005,6,0.6618977968927318,43.21651833501356,0.6522086274505786
167.29269658066866,2,0.3624554562115038,98.9113575114659,0.7400872313474285
133.36251279371496,7,0.5928542991697936,116.89236071714478,0.7897381891062009
129.83275725877064,6,0.4009505512876311,121.19841561572558,0.8014575401431936
147.86474058203268,3,0.7673482949402117,123.36301002830054,0.8239652277211497
131.51173327470656,9,0.8128248264851797,117.6556347942826,0.7258266474019051
124.44172672760124,6,0.4560088476587201,103.53649942657634,0.7515309042106786
152.75685731792433,4,1.05209538405077,108.94360094051505,0.743602302220158
145.97183578672016,3,0.8641751565421325,133.7561962876012,0.8211279144967628
126.02917555932507,4,0.5230530792162035,134.6208349546001,0.7864331763879912
157.26565426509438,3,1.0963013154205816,142.68237786820157,0.7176641856527562
88.2098666800877,1,0.7173232700147117,167.92543293638045,0.5413748770122354
130.9103455965956,3,1.1377125492334215,99.50862436528092,0.7692469514791179
168.7133101811759,6,0.4147175349019226,150.0848131584116,0.6603923935472953
142.13687529445124,2,0.7052924437006918,66.42934831956751,0.8554634471777934
136.64518979937185,3,0.9775359425703583,121.80732650683267,0.8338769341238695
144.06508804457454,4,0.3367969467409567,67.52354570395178,0.8500661326420473
139.40184906295772,2,0.8815363993413221,176.90175626974732,0.8462466003357264
141.87772689431233,4,0.2807038595674074,93.62843508260569,0.8847605653492914
172.87371712820442,7,0.9719376605480421,106.00795591818517,0.5708747619339359
143.48541017958706,9,1.0136711438757111,151.27008797193704,0.7230245466529946
157.26531191568486,5,0.9866027441174507,106.17430735029322,0.7035567057894074
136.75407372852897,3,0.2,95.43634809697305,0.899714018244067
159.88773664825314,3,0.9594479876524435,157.17663071217564,0.7058166065174148
150.6852600073842,6,1.3646604221259226,77.46368400232475,0.6786676044061382
153.6176217318938,8,0.5563668975636771,123.95946348786099,0.7313794634266397
154.31975528331327,4,0.9521801598516433,167.64673276163018,0.7228465417029527
148.0835481651296,7,1.0491541910121427,89.8618083898513,0.7194508200145058
162.82032855605766,2,0.4570237237833953,95.71609122306577,0.7586710434829793
126.19668640340691,3,1.106727003762631,149.2431332428468,0.7360590238448681
155.9589810082191,3,1.1615295233346563,112.58975802334417,0.7283370398469317
111.2738639714576,7,0.8023186073526113,112.8291019334987,0.6192767334819556
142.0895434639707,6,0.2779668431177653,99.50627914595633,0.85688762545395
130.25306475974415,10,0.42692454874520136,103.31768675259866,0.7330600250529957
96.85300369717774,2,0.7169986325075122,144.52114094722128,0.5970306386486441
133.57754310526735,8,0.7020347961746553,113.40063188573565,0.763313825465281
159.91011738327063,5,1.0640602909778079,67.2066102209807,0.6565301940254044
188.176918880121,7,0.3863205542214044,120.0650770013726,0.5351523314874014
173.95132414473625,7,1.0099570118241958,148.34287655733345,0.5519160953208202
105.46183625802999,3,0.5570802932604849,63.11834855947678,0.6374366282605274
128.56607074455727,3,0.48475549087219694,103.91633407280501,0.8213628859169426
126.45148927050731,7,0.5029916206953067,147.63441517612827,0.7390249801915579
122.55630773156972,7,0.8392031821934126,112.31949366115815,0.6905214520251003
141.2060915407656,6,0.6705609554341042,144.45762382503725,0.8213157253931315
161.50898901441454,10,0.2,130.32514876775167,0.6808705461440411
120.01223189445008,5,1.1107398469486829,77.90666848814556,0.6572890437615465
99.89671397057869,5,0.838891682007298,115.85797249289094,0.5714544652102898
153.56735331496873,7,0.990240183002352,103.62948782539593,0.6964322306140822
138.12639357119232,7,0.24799871754404812,160.7640257579144,0.8350627377435916
109.8346404513164,6,0.8931362006588642,87.89075205961637,0.6017455118648988
152.95346810395608,8,0.33790441074035377,53.04896629754532,0.7226580861760049
168.77168831498426,2,0.9023416487726282,95.09081327248413,0.6741161426186667
111.80775648605223,3,0.2,91.76856807478384,0.7313675810596726
139.06253253298672,3,1.3175649422559772,148.48039679864058,0.8011712799950691
131.69251495459957,2,0.7961742269450011,116.45559825566079,0.8330302315893086
143.25530200231344,2,0.4963384791339367,98.66090952783605,0.8868090884755367
116.22492843495328,5,0.40029075834870204,128.7715633320365,0.7215973563247982
152.16376427925576,3,0.7275975724223966,101.86029472813635,0.791070866856131
140.2647715504954,4,0.5705101726609964,105.04781056379369,0.8728770671549275
142.41546781451848,8,1.117193916623755,86.03648934391552,0.7333088725430099
158.73927941342313,4,0.47488032741411756,133.2544991027804,0.7602198272231115
141.895160306456,6,0.511617064017464,173.04682119873024,0.8167334353336968
134.67929816102912,5,0.7231762133027628,108.63829192246143,0.8108989730335077
125.39594793011355,5,0.8908416406823851,96.33384036235694,0.7254076223338278
125.19726336254743,4,0.2,144.951676684622,0.8074530464810818
127.623260497903,2,1.1322172144873717,118.19394137861487,0.7732633159698468
113.34074114494467,3,1.0332169201579615,156.99446244266827,0.6533974364823527
123.28281845589132,0,0.5908863232014205,147.37745841259246,0.8142537916010264
164.47791074534524,6,0.3391867740791519,72.57755267861752,0.6865494468890152
161.96756793578146,5,0.2,39.83717500002484,0.7140146443170263
163.5702125163666,4,0.8219607924710096,148.70737174789338,0.6847206307838476
142.76319966174165,2,0.9238271433763601,109.57476872297912,0.853404159430186
120.74597073309145,4,1.0769352683138582,163.22214096769397,0.6799339775182828
158.69028946653185,5,1.0812492385955816,76.58131191790213,0.6681516529846196
144.72579983933227,5,0.6163380255764035,121.52079097106314,0.8310159813073318
155.6114343989666,8,0.33068102602621635,120.05772069252527,0.7428236010195315
164.98219397207697,3,0.9236872493748627,103.20551728989179,0.686753047076385
140.78546849492528,7,0.6830154433307168,116.5455003531038,0.8195428325635953
184.05128957981475,1,0.7611825843133537,114.13040861940414,0.6119455936029019
128.59780982824964,6,0.2,156.97086205644126,0.7934460310458636
